VP_Count,AP_Count,Attack_Type,Num_Macro_Runs,Num_Sim_Runs_Per_TH,Cores_M,TP_Threshold,Avg_TH_Original,Successful_Runs_Orig,Avg_TH_Augmented,Successful_Runs_Aug
1,1,ANTERIOR,1000,1000,8,0.05,0.07200000,1000,0.07898900,1000
1,1,POSTERIOR,1000,1000,8,0.05000000,0.16900000,1000,0.08415900,1000
1,1,PINCER_DUAL,1000,1000,8,0.05000000,0.26400000,1000,0.14567500,1000
1,1,CONCURRENT,1000,1000,8,0.05000000,0.30100000,1000,0.24521900,1000
1,2,ANTERIOR,1000,1000,8,0.05000000,0.14000000,1000,0.15378400,1000
1,2,POSTERIOR,1000,1000,8,0.05000000,0.31400000,1000,0.16169800,1000
1,2,PINCER_DUAL,1000,1000,8,0.05000000,0.45600000,1000,0.25994700,1000
1,2,CONCURRENT,1000,1000,8,0.05000000,0.53500000,1000,0.44258300,1000
1,3,ANTERIOR,1000,1000,8,0.05000000,0.24900000,1000,0.24601000,1000
1,3,POSTERIOR,1000,1000,8,0.05000000,0.42800000,1000,0.22542200,1000
1,3,PINCER_DUAL,1000,1000,8,0.05000000,0.60600000,1000,0.35527200,1000
1,3,CONCURRENT,1000,1000,8,0.05000000,0.68600000,1000,0.58945400,1000
1,4,ANTERIOR,1000,1000,8,0.05000000,0.33200000,1000,0.26957900,1000
1,4,POSTERIOR,1000,1000,8,0.05000000,0.52600000,1000,0.29559300,1000
1,4,PINCER_DUAL,1000,1000,8,0.05000000,0.70200000,1000,0.44898800,1000
1,4,CONCURRENT,1000,1000,8,0.05000000,0.75700000,1000,0.67953300,1000
1,5,ANTERIOR,1000,1000,8,0.05000000,0.41400000,1000,0.35909600,1000
1,5,POSTERIOR,1000,1000,8,0.05000000,0.58700000,1000,0.33915000,1000
1,5,PINCER_DUAL,1000,1000,8,0.05000000,0.81700000,1000,0.52259000,1000
1,5,CONCURRENT,1000,1000,8,0.05000000,0.81500000,1000,0.76353600,1000
1,6,ANTERIOR,1000,1000,8,0.05000000,0.49400000,1000,0.39986500,1000
1,6,POSTERIOR,1000,1000,8,0.05000000,0.66200000,1000,0.39432500,1000
1,6,PINCER_DUAL,1000,1000,8,0.05000000,0.84300000,1000,0.56586700,1000
1,6,CONCURRENT,1000,1000,8,0.05000000,0.86600000,1000,0.82691500,1000
1,7,ANTERIOR,1000,1000,8,0.05000000,0.59400000,1000,0.44717000,1000
1,7,POSTERIOR,1000,1000,8,0.05000000,0.71700000,1000,0.45043800,1000
1,7,PINCER_DUAL,1000,1000,8,0.05000000,0.90300000,1000,0.62448000,1000
1,7,CONCURRENT,1000,1000,8,0.05000000,0.89200000,1000,0.86442400,1000
1,8,ANTERIOR,1000,1000,8,0.05000000,0.65000000,1000,0.48266900,1000
1,8,POSTERIOR,1000,1000,8,0.05000000,0.78800000,1000,0.51319300,1000
1,8,PINCER_DUAL,1000,1000,8,0.05000000,0.94900000,1000,0.62970300,1000
1,8,CONCURRENT,1000,1000,8,0.05000000,0.93000000,1000,0.91435000,1000
1,9,ANTERIOR,1000,1000,8,0.05000000,0.73800000,1000,0.50348200,1000
1,9,POSTERIOR,1000,1000,8,0.05000000,0.82900000,1000,0.54185800,1000
1,9,PINCER_DUAL,1000,1000,8,0.05000000,0.97500000,1000,0.67463100,1000
1,9,CONCURRENT,1000,1000,8,0.05000000,0.93900000,1000,0.92880400,1000
1,10,ANTERIOR,1000,1000,8,0.05000000,0.84800000,1000,0.55657000,1000
1,10,POSTERIOR,1000,1000,8,0.05000000,0.87100000,1000,0.57730800,1000
1,10,PINCER_DUAL,1000,1000,8,0.05000000,0.99100000,1000,0.70059200,1000
1,10,CONCURRENT,1000,1000,8,0.05000000,0.97200000,1000,0.96876600,1000
1,11,ANTERIOR,1000,1000,8,0.05000000,0.90500000,1000,0.57306800,1000
1,11,POSTERIOR,1000,1000,8,0.05000000,0.92000000,1000,0.60171200,1000
1,11,PINCER_DUAL,1000,1000,8,0.05000000,1.00000000,1000,0.71299400,1000
1,11,CONCURRENT,1000,1000,8,0.05000000,1.00000000,1000,1.00000000,1000
2,1,ANTERIOR,1000,1000,8,0.05000000,0.14600000,1000,0.15455976,1000
2,1,POSTERIOR,1000,1000,8,0.05000000,0.34400000,1000,0.14937952,1000
2,1,PINCER_DUAL,1000,1000,8,0.05000000,0.38800000,1000,0.25006180,1000
2,1,CONCURRENT,1000,1000,8,0.05000000,0.53400000,1000,0.44898996,1000
2,2,ANTERIOR,1000,1000,8,0.05000000,0.25800000,1000,0.27699358,1000
2,2,POSTERIOR,1000,1000,8,0.05000000,0.54100000,1000,0.30041277,1000
2,2,PINCER_DUAL,1000,1000,8,0.05000000,0.66300000,1000,0.45786709,1000
2,2,CONCURRENT,1000,1000,8,0.05000000,0.76300000,1000,0.67716016,1000
2,3,ANTERIOR,1000,1000,8,0.05000000,0.40900000,1000,0.40159878,1000
2,3,POSTERIOR,1000,1000,8,0.05000000,0.68900000,1000,0.40781967,1000
2,3,PINCER_DUAL,1000,1000,8,0.05000000,0.82900000,1000,0.58418854,1000
2,3,CONCURRENT,1000,1000,8,0.05000000,0.85900000,1000,0.80696052,1000
2,4,ANTERIOR,1000,1000,8,0.05000000,0.51400000,1000,0.51542333,1000
2,4,POSTERIOR,1000,1000,8,0.05000000,0.79900000,1000,0.54395689,1000
2,4,PINCER_DUAL,1000,1000,8,0.05000000,0.90100000,1000,0.68977759,1000
2,4,CONCURRENT,1000,1000,8,0.05000000,0.95100000,1000,0.91375864,1000
2,5,ANTERIOR,1000,1000,8,0.05000000,0.62400000,1000,0.58702730,1000
2,5,POSTERIOR,1000,1000,8,0.05000000,0.84400000,1000,0.59003109,1000
2,5,PINCER_DUAL,1000,1000,8,0.05000000,0.95100000,1000,0.76812917,1000
2,5,CONCURRENT,1000,1000,8,0.05000000,0.96100000,1000,0.94228046,1000
2,6,ANTERIOR,1000,1000,8,0.05000000,0.70700000,1000,0.64580880,1000
2,6,POSTERIOR,1000,1000,8,0.05000000,0.89500000,1000,0.65231545,1000
2,6,PINCER_DUAL,1000,1000,8,0.05000000,0.96800000,1000,0.83852321,1000
2,6,CONCURRENT,1000,1000,8,0.05000000,0.98500000,1000,0.97237433,1000
2,7,ANTERIOR,1000,1000,8,0.05000000,0.79200000,1000,0.70115474,1000
2,7,POSTERIOR,1000,1000,8,0.05000000,0.93300000,1000,0.70110907,1000
2,7,PINCER_DUAL,1000,1000,8,0.05000000,0.98600000,1000,0.86017554,1000
2,7,CONCURRENT,1000,1000,8,0.05000000,0.99100000,1000,0.98720043,1000
2,8,ANTERIOR,1000,1000,8,0.05000000,0.85800000,1000,0.73798227,1000
2,8,POSTERIOR,1000,1000,8,0.05000000,0.94900000,1000,0.75437881,1000
2,8,PINCER_DUAL,1000,1000,8,0.05000000,0.99500000,1000,0.88844154,1000
2,8,CONCURRENT,1000,1000,8,0.05000000,0.99600000,1000,0.99405387,1000
2,9,ANTERIOR,1000,1000,8,0.05000000,0.91900000,1000,0.77607508,1000
2,9,POSTERIOR,1000,1000,8,0.05000000,0.98000000,1000,0.78599263,1000
2,9,PINCER_DUAL,1000,1000,8,0.05000000,0.99900000,1000,0.90495941,1000
2,9,CONCURRENT,1000,1000,8,0.05000000,0.99900000,1000,0.99860931,1000
2,10,ANTERIOR,1000,1000,8,0.05000000,0.96900000,1000,0.81813614,1000
2,10,POSTERIOR,1000,1000,8,0.05000000,0.98700000,1000,0.81799591,1000
2,10,PINCER_DUAL,1000,1000,8,0.05000000,1.00000000,1000,0.92968502,1000
2,10,CONCURRENT,1000,1000,8,0.05000000,1.00000000,1000,1.00000000,1000
2,11,ANTERIOR,1000,1000,8,0.05000000,1.00000000,1000,0.84000032,1000
2,11,POSTERIOR,1000,1000,8,0.05000000,1.00000000,1000,0.84853076,1000
2,11,PINCER_DUAL,1000,1000,8,0.05000000,1.00000000,1000,0.92770007,1000
2,11,CONCURRENT,1000,1000,8,0.05000000,1.00000000,1000,1.00000000,1000
3,1,ANTERIOR,1000,1000,8,0.05000000,0.19300000,1000,0.22799776,1000
3,1,POSTERIOR,1000,1000,8,0.05000000,0.45200000,1000,0.23428817,1000
3,1,PINCER_DUAL,1000,1000,8,0.05000000,0.53700000,1000,0.35455873,1000
3,1,CONCURRENT,1000,1000,8,0.05000000,0.64300000,1000,0.56663054,1000
3,2,ANTERIOR,1000,1000,8,0.05000000,0.34800000,1000,0.40290560,1000
3,2,POSTERIOR,1000,1000,8,0.05000000,0.67200000,1000,0.40203178,1000
3,2,PINCER_DUAL,1000,1000,8,0.05000000,0.79400000,1000,0.60583621,1000
3,2,CONCURRENT,1000,1000,8,0.05000000,0.89800000,1000,0.84129864,1000
3,3,ANTERIOR,1000,1000,8,0.05000000,0.48300000,1000,0.53600199,1000
3,3,POSTERIOR,1000,1000,8,0.05000000,0.80300000,1000,0.53850383,1000
3,3,PINCER_DUAL,1000,1000,8,0.05000000,0.90500000,1000,0.74057916,1000
3,3,CONCURRENT,1000,1000,8,0.05000000,0.96100000,1000,0.93834859,1000
3,4,ANTERIOR,1000,1000,8,0.05000000,0.62000000,1000,0.63931953,1000
3,4,POSTERIOR,1000,1000,8,0.05000000,0.89800000,1000,0.63685881,1000
3,4,PINCER_DUAL,1000,1000,8,0.05000000,0.95300000,1000,0.83600746,1000
3,4,CONCURRENT,1000,1000,8,0.05000000,0.98900000,1000,0.97874404,1000
3,5,ANTERIOR,1000,1000,8,0.05000000,0.70000000,1000,0.72338172,1000
3,5,POSTERIOR,1000,1000,8,0.05000000,0.94000000,1000,0.73121382,1000
3,5,PINCER_DUAL,1000,1000,8,0.05000000,0.97900000,1000,0.88309798,1000
3,5,CONCURRENT,1000,1000,8,0.05000000,0.99200000,1000,0.98783374,1000
3,6,ANTERIOR,1000,1000,8,0.05000000,0.79800000,1000,0.79791958,1000
3,6,POSTERIOR,1000,1000,8,0.05000000,0.96200000,1000,0.78423130,1000
3,6,PINCER_DUAL,1000,1000,8,0.05000000,0.98700000,1000,0.93317006,1000
3,6,CONCURRENT,1000,1000,8,0.05000000,0.99900000,1000,0.99803786,1000
3,7,ANTERIOR,1000,1000,8,0.05000000,0.85500000,1000,0.84287043,1000
3,7,POSTERIOR,1000,1000,8,0.05000000,0.98300000,1000,0.83372452,1000
3,7,PINCER_DUAL,1000,1000,8,0.05000000,0.99500000,1000,0.95800902,1000
3,7,CONCURRENT,1000,1000,8,0.05000000,1.00000000,1000,0.99969475,1000
3,8,ANTERIOR,1000,1000,8,0.05000000,0.91800000,1000,0.87627478,1000
3,8,POSTERIOR,1000,1000,8,0.05000000,0.99000000,1000,0.88046876,1000
3,8,PINCER_DUAL,1000,1000,8,0.05000000,0.99800000,1000,0.97132222,1000
3,8,CONCURRENT,1000,1000,8,0.05000000,1.00000000,1000,0.99997229,1000
3,9,ANTERIOR,1000,1000,8,0.05000000,0.97100000,1000,0.90604403,1000
3,9,POSTERIOR,1000,1000,8,0.05000000,0.99800000,1000,0.91693129,1000
3,9,PINCER_DUAL,1000,1000,8,0.05000000,1.00000000,1000,0.97985489,1000
3,9,CONCURRENT,1000,1000,8,0.05000000,1.00000000,1000,1.00000000,1000
3,10,ANTERIOR,1000,1000,8,0.05000000,0.98800000,1000,0.92719285,1000
3,10,POSTERIOR,1000,1000,8,0.05000000,1.00000000,1000,0.93006900,1000
3,10,PINCER_DUAL,1000,1000,8,0.05000000,1.00000000,1000,0.98364633,1000
3,10,CONCURRENT,1000,1000,8,0.05000000,1.00000000,1000,1.00000000,1000
3,11,ANTERIOR,1000,1000,8,0.05000000,1.00000000,1000,0.93659906,1000
3,11,POSTERIOR,1000,1000,8,0.05000000,1.00000000,1000,0.94878626,1000
3,11,PINCER_DUAL,1000,1000,8,0.05000000,1.00000000,1000,0.98908862,1000
3,11,CONCURRENT,1000,1000,8,0.05000000,1.00000000,1000,1.00000000,1000
4,1,ANTERIOR,1000,1000,8,0.05000000,0.22100000,1000,0.27790192,1000
4,1,POSTERIOR,1000,1000,8,0.05000000,0.53600000,1000,0.28448289,1000
4,1,PINCER_DUAL,1000,1000,8,0.05000000,0.61700000,1000,0.42405149,1000
4,1,CONCURRENT,1000,1000,8,0.05000000,0.73400000,1000,0.66657649,1000
4,2,ANTERIOR,1000,1000,8,0.05000000,0.38300000,1000,0.50737104,1000
4,2,POSTERIOR,1000,1000,8,0.05000000,0.78800000,1000,0.48895402,1000
4,2,PINCER_DUAL,1000,1000,8,0.05000000,0.86700000,1000,0.69273659,1000
4,2,CONCURRENT,1000,1000,8,0.05000000,0.94300000,1000,0.91081270,1000
4,3,ANTERIOR,1000,1000,8,0.05000000,0.55700000,1000,0.64757632,1000
4,3,POSTERIOR,1000,1000,8,0.05000000,0.89900000,1000,0.63923205,1000
4,3,PINCER_DUAL,1000,1000,8,0.05000000,0.94300000,1000,0.82916576,1000
4,3,CONCURRENT,1000,1000,8,0.05000000,0.97500000,1000,0.96956129,1000
4,4,ANTERIOR,1000,1000,8,0.05000000,0.68700000,1000,0.74938128,1000
4,4,POSTERIOR,1000,1000,8,0.05000000,0.95800000,1000,0.75399305,1000
4,4,PINCER_DUAL,1000,1000,8,0.05000000,0.97900000,1000,0.90273683,1000
4,4,CONCURRENT,1000,1000,8,0.05000000,0.99800000,1000,0.99456411,1000
4,5,ANTERIOR,1000,1000,8,0.05000000,0.78400000,1000,0.82959089,1000
4,5,POSTERIOR,1000,1000,8,0.05000000,0.98400000,1000,0.82805818,1000
4,5,PINCER_DUAL,1000,1000,8,0.05000000,0.99500000,1000,0.94589024,1000
4,5,CONCURRENT,1000,1000,8,0.05000000,1.00000000,1000,0.99902299,1000
4,6,ANTERIOR,1000,1000,8,0.05000000,0.85900000,1000,0.87522761,1000
4,6,POSTERIOR,1000,1000,8,0.05000000,0.99200000,1000,0.87440746,1000
4,6,PINCER_DUAL,1000,1000,8,0.05000000,0.99700000,1000,0.97424962,1000
4,6,CONCURRENT,1000,1000,8,0.05000000,1.00000000,1000,0.99995941,1000
4,7,ANTERIOR,1000,1000,8,0.05000000,0.92100000,1000,0.91250440,1000
4,7,POSTERIOR,1000,1000,8,0.05000000,0.99400000,1000,0.91516456,1000
4,7,PINCER_DUAL,1000,1000,8,0.05000000,1.00000000,1000,0.98376227,1000
4,7,CONCURRENT,1000,1000,8,0.05000000,1.00000000,1000,0.99999990,1000
4,8,ANTERIOR,1000,1000,8,0.05000000,0.94700000,1000,0.93814249,1000
4,8,POSTERIOR,1000,1000,8,0.05000000,1.00000000,1000,0.94343396,1000
4,8,PINCER_DUAL,1000,1000,8,0.05000000,1.00000000,1000,0.99162517,1000
4,8,CONCURRENT,1000,1000,8,0.05000000,1.00000000,1000,1.00000000,1000
4,9,ANTERIOR,1000,1000,8,0.05000000,0.97600000,1000,0.95808272,1000
4,9,POSTERIOR,1000,1000,8,0.05000000,0.99700000,1000,0.96001101,1000
4,9,PINCER_DUAL,1000,1000,8,0.05000000,1.00000000,1000,0.99489632,1000
4,9,CONCURRENT,1000,1000,8,0.05000000,1.00000000,1000,1.00000000,1000
4,10,ANTERIOR,1000,1000,8,0.05000000,0.99700000,1000,0.97291875,1000
4,10,POSTERIOR,1000,1000,8,0.05000000,1.00000000,1000,0.97724312,1000
4,10,PINCER_DUAL,1000,1000,8,0.05000000,1.00000000,1000,0.99751703,1000
4,10,CONCURRENT,1000,1000,8,0.05000000,1.00000000,1000,1.00000000,1000
4,11,ANTERIOR,1000,1000,8,0.05000000,1.00000000,1000,0.98205265,1000
4,11,POSTERIOR,1000,1000,8,0.05000000,1.00000000,1000,0.98310478,1000
4,11,PINCER_DUAL,1000,1000,8,0.05000000,1.00000000,1000,0.99868048,1000
4,11,CONCURRENT,1000,1000,8,0.05000000,1.00000000,1000,1.00000000,1000
5,1,ANTERIOR,1000,1000,8,0.05000000,0.23600000,1000,0.32912806,1000
5,1,POSTERIOR,1000,1000,8,0.05000000,0.60900000,1000,0.33679161,1000
5,1,PINCER_DUAL,1000,1000,8,0.05000000,0.70100000,1000,0.51027707,1000
5,1,CONCURRENT,1000,1000,8,0.05000000,0.80700000,1000,0.75606557,1000
5,2,ANTERIOR,1000,1000,8,0.05000000,0.42600000,1000,0.57248130,1000
5,2,POSTERIOR,1000,1000,8,0.05000000,0.84400000,1000,0.56497547,1000
5,2,PINCER_DUAL,1000,1000,8,0.05000000,0.91300000,1000,0.77767379,1000
5,2,CONCURRENT,1000,1000,8,0.05000000,0.96600000,1000,0.94896145,1000
5,3,ANTERIOR,1000,1000,8,0.05000000,0.55300000,1000,0.71798403,1000
5,3,POSTERIOR,1000,1000,8,0.05000000,0.95100000,1000,0.71178929,1000
5,3,PINCER_DUAL,1000,1000,8,0.05000000,0.97500000,1000,0.88275510,1000
5,3,CONCURRENT,1000,1000,8,0.05000000,0.99000000,1000,0.98695729,1000
5,4,ANTERIOR,1000,1000,8,0.05000000,0.74900000,1000,0.82831487,1000
5,4,POSTERIOR,1000,1000,8,0.05000000,0.97500000,1000,0.81239182,1000
5,4,PINCER_DUAL,1000,1000,8,0.05000000,0.98700000,1000,0.94840839,1000
5,4,CONCURRENT,1000,1000,8,0.05000000,1.00000000,1000,0.99876242,1000
5,5,ANTERIOR,1000,1000,8,0.05000000,0.83000000,1000,0.88755695,1000
5,5,POSTERIOR,1000,1000,8,0.05000000,0.99300000,1000,0.88983804,1000
5,5,PINCER_DUAL,1000,1000,8,0.05000000,0.99800000,1000,0.97658102,1000
5,5,CONCURRENT,1000,1000,8,0.05000000,0.99900000,1000,0.99955204,1000
5,6,ANTERIOR,1000,1000,8,0.05000000,0.88600000,1000,0.92645108,1000
5,6,POSTERIOR,1000,1000,8,0.05000000,0.99800000,1000,0.93127450,1000
5,6,PINCER_DUAL,1000,1000,8,0.05000000,1.00000000,1000,0.98934019,1000
5,6,CONCURRENT,1000,1000,8,0.05000000,1.00000000,1000,0.99999946,1000
5,7,ANTERIOR,1000,1000,8,0.05000000,0.93700000,1000,0.95600010,1000
5,7,POSTERIOR,1000,1000,8,0.05000000,1.00000000,1000,0.95880466,1000
5,7,PINCER_DUAL,1000,1000,8,0.05000000,1.00000000,1000,0.99468417,1000
5,7,CONCURRENT,1000,1000,8,0.05000000,1.00000000,1000,1.00000000,1000
5,8,ANTERIOR,1000,1000,8,0.05000000,0.96800000,1000,0.97157762,1000
5,8,POSTERIOR,1000,1000,8,0.05000000,0.99800000,1000,0.97481603,1000
5,8,PINCER_DUAL,1000,1000,8,0.05000000,1.00000000,1000,0.99809389,1000
5,8,CONCURRENT,1000,1000,8,0.05000000,1.00000000,1000,1.00000000,1000
5,9,ANTERIOR,1000,1000,8,0.05000000,0.99400000,1000,0.98443697,1000
5,9,POSTERIOR,1000,1000,8,0.05000000,1.00000000,1000,0.98513173,1000
5,9,PINCER_DUAL,1000,1000,8,0.05000000,1.00000000,1000,0.99910245,1000
5,9,CONCURRENT,1000,1000,8,0.05000000,1.00000000,1000,1.00000000,1000
5,10,ANTERIOR,1000,1000,8,0.05000000,1.00000000,1000,0.99031676,1000
5,10,POSTERIOR,1000,1000,8,0.05000000,1.00000000,1000,0.99269095,1000
5,10,PINCER_DUAL,1000,1000,8,0.05000000,1.00000000,1000,0.99970593,1000
5,10,CONCURRENT,1000,1000,8,0.05000000,1.00000000,1000,1.00000000,1000
5,11,ANTERIOR,1000,1000,8,0.05000000,1.00000000,1000,0.99374235,1000
5,11,POSTERIOR,1000,1000,8,0.05000000,1.00000000,1000,0.99550494,1000
5,11,PINCER_DUAL,1000,1000,8,0.05000000,1.00000000,1000,0.99982940,1000
5,11,CONCURRENT,1000,1000,8,0.05000000,1.00000000,1000,1.00000000,1000
6,1,ANTERIOR,1000,1000,8,0.05000000,0.25900000,1000,0.39822306,1000
6,1,POSTERIOR,1000,1000,8,0.05000000,0.69400000,1000,0.37341511,1000
6,1,PINCER_DUAL,1000,1000,8,0.05000000,0.79700000,1000,0.54872673,1000
6,1,CONCURRENT,1000,1000,8,0.05000000,0.86400000,1000,0.83008996,1000
6,2,ANTERIOR,1000,1000,8,0.05000000,0.46600000,1000,0.63329592,1000
6,2,POSTERIOR,1000,1000,8,0.05000000,0.88800000,1000,0.61371926,1000
6,2,PINCER_DUAL,1000,1000,8,0.05000000,0.94700000,1000,0.79481924,1000
6,2,CONCURRENT,1000,1000,8,0.05000000,0.98300000,1000,0.97638207,1000
6,3,ANTERIOR,1000,1000,8,0.05000000,0.62000000,1000,0.78662326,1000
6,3,POSTERIOR,1000,1000,8,0.05000000,0.96800000,1000,0.76431335,1000
6,3,PINCER_DUAL,1000,1000,8,0.05000000,0.99400000,1000,0.92613216,1000
6,3,CONCURRENT,1000,1000,8,0.05000000,1.00000000,1000,0.99865446,1000
6,4,ANTERIOR,1000,1000,8,0.05000000,0.74900000,1000,0.87590774,1000
6,4,POSTERIOR,1000,1000,8,0.05000000,0.99100000,1000,0.86791817,1000
6,4,PINCER_DUAL,1000,1000,8,0.05000000,0.99800000,1000,0.97210829,1000
6,4,CONCURRENT,1000,1000,8,0.05000000,1.00000000,1000,0.99965793,1000
6,5,ANTERIOR,1000,1000,8,0.05000000,0.84900000,1000,0.93044144,1000
6,5,POSTERIOR,1000,1000,8,0.05000000,0.99800000,1000,0.92496687,1000
6,5,PINCER_DUAL,1000,1000,8,0.05000000,1.00000000,1000,0.98966851,1000
6,5,CONCURRENT,1000,1000,8,0.05000000,1.00000000,1000,0.99999536,1000
6,6,ANTERIOR,1000,1000,8,0.05000000,0.91600000,1000,0.96111561,1000
6,6,POSTERIOR,1000,1000,8,0.05000000,0.99800000,1000,0.95806121,1000
6,6,PINCER_DUAL,1000,1000,8,0.05000000,1.00000000,1000,0.99647649,1000
6,6,CONCURRENT,1000,1000,8,0.05000000,1.00000000,1000,1.00000000,1000
6,7,ANTERIOR,1000,1000,8,0.05000000,0.95200000,1000,0.97792606,1000
6,7,POSTERIOR,1000,1000,8,0.05000000,1.00000000,1000,0.97938455,1000
6,7,PINCER_DUAL,1000,1000,8,0.05000000,1.00000000,1000,0.99858594,1000
6,7,CONCURRENT,1000,1000,8,0.05000000,1.00000000,1000,1.00000000,1000
6,8,ANTERIOR,1000,1000,8,0.05000000,0.98500000,1000,0.98772453,1000
6,8,POSTERIOR,1000,1000,8,0.05000000,1.00000000,1000,0.98987931,1000
6,8,PINCER_DUAL,1000,1000,8,0.05000000,1.00000000,1000,0.99965734,1000
6,8,CONCURRENT,1000,1000,8,0.05000000,1.00000000,1000,1.00000000,1000
6,9,ANTERIOR,1000,1000,8,0.05000000,0.99700000,1000,0.99384729,1000
6,9,POSTERIOR,1000,1000,8,0.05000000,1.00000000,1000,0.99516394,1000
6,9,PINCER_DUAL,1000,1000,8,0.05000000,1.00000000,1000,0.99984617,1000
6,9,CONCURRENT,1000,1000,8,0.05000000,1.00000000,1000,1.00000000,1000
6,10,ANTERIOR,1000,1000,8,0.05000000,1.00000000,1000,0.99632499,1000
6,10,POSTERIOR,1000,1000,8,0.05000000,1.00000000,1000,0.99725988,1000
6,10,PINCER_DUAL,1000,1000,8,0.05000000,1.00000000,1000,0.99996632,1000
6,10,CONCURRENT,1000,1000,8,0.05000000,1.00000000,1000,1.00000000,1000
6,11,ANTERIOR,1000,1000,8,0.05000000,1.00000000,1000,0.99821081,1000
6,11,POSTERIOR,1000,1000,8,0.05000000,1.00000000,1000,0.99900737,1000
6,11,PINCER_DUAL,1000,1000,8,0.05000000,1.00000000,1000,0.99999349,1000
6,11,CONCURRENT,1000,1000,8,0.05000000,1.00000000,1000,1.00000000,1000
7,1,ANTERIOR,1000,1000,8,0.05000000,0.25300000,1000,0.42396494,1000
7,1,POSTERIOR,1000,1000,8,0.05000000,0.72500000,1000,0.40823005,1000
7,1,PINCER_DUAL,1000,1000,8,0.05000000,0.81900000,1000,0.58886350,1000
7,1,CONCURRENT,1000,1000,8,0.05000000,0.89500000,1000,0.87199519,1000
7,2,ANTERIOR,1000,1000,8,0.05000000,0.45600000,1000,0.68958933,1000
7,2,POSTERIOR,1000,1000,8,0.05000000,0.93300000,1000,0.65768764,1000
7,2,PINCER_DUAL,1000,1000,8,0.05000000,0.96700000,1000,0.84098117,1000
7,2,CONCURRENT,1000,1000,8,0.05000000,0.99500000,1000,0.99267046,1000
7,3,ANTERIOR,1000,1000,8,0.05000000,0.65500000,1000,0.83552682,1000
7,3,POSTERIOR,1000,1000,8,0.05000000,0.97800000,1000,0.80983331,1000
7,3,PINCER_DUAL,1000,1000,8,0.05000000,0.99400000,1000,0.94504417,1000
7,3,CONCURRENT,1000,1000,8,0.05000000,1.00000000,1000,0.99958517,1000
7,4,ANTERIOR,1000,1000,8,0.05000000,0.76400000,1000,0.91220231,1000
7,4,POSTERIOR,1000,1000,8,0.05000000,0.99500000,1000,0.90498577,1000
7,4,PINCER_DUAL,1000,1000,8,0.05000000,1.00000000,1000,0.98168912,1000
7,4,CONCURRENT,1000,1000,8,0.05000000,1.00000000,1000,0.99993373,1000
7,5,ANTERIOR,1000,1000,8,0.05000000,0.86400000,1000,0.95389198,1000
7,5,POSTERIOR,1000,1000,8,0.05000000,0.99900000,1000,0.95055520,1000
7,5,PINCER_DUAL,1000,1000,8,0.05000000,1.00000000,1000,0.99525773,1000
7,5,CONCURRENT,1000,1000,8,0.05000000,1.00000000,1000,1.00000000,1000
7,6,ANTERIOR,1000,1000,8,0.05000000,0.92400000,1000,0.97673149,1000
7,6,POSTERIOR,1000,1000,8,0.05000000,1.00000000,1000,0.97630953,1000
7,6,PINCER_DUAL,1000,1000,8,0.05000000,1.00000000,1000,0.99829838,1000
7,6,CONCURRENT,1000,1000,8,0.05000000,1.00000000,1000,1.00000000,1000
7,7,ANTERIOR,1000,1000,8,0.05000000,0.96000000,1000,0.98861320,1000
7,7,POSTERIOR,1000,1000,8,0.05000000,1.00000000,1000,0.98892853,1000
7,7,PINCER_DUAL,1000,1000,8,0.05000000,1.00000000,1000,0.99966025,1000
7,7,CONCURRENT,1000,1000,8,0.05000000,1.00000000,1000,1.00000000,1000
7,8,ANTERIOR,1000,1000,8,0.05000000,0.99000000,1000,0.99455299,1000
7,8,POSTERIOR,1000,1000,8,0.05000000,1.00000000,1000,0.99471158,1000
7,8,PINCER_DUAL,1000,1000,8,0.05000000,1.00000000,1000,0.99990330,1000
7,8,CONCURRENT,1000,1000,8,0.05000000,1.00000000,1000,1.00000000,1000
7,9,ANTERIOR,1000,1000,8,0.05000000,0.99700000,1000,0.99741357,1000
7,9,POSTERIOR,1000,1000,8,0.05000000,1.00000000,1000,0.99814304,1000
7,9,PINCER_DUAL,1000,1000,8,0.05000000,1.00000000,1000,0.99998178,1000
7,9,CONCURRENT,1000,1000,8,0.05000000,1.00000000,1000,1.00000000,1000
7,10,ANTERIOR,1000,1000,8,0.05000000,1.00000000,1000,0.99883565,1000
7,10,POSTERIOR,1000,1000,8,0.05000000,1.00000000,1000,0.99926552,1000
7,10,PINCER_DUAL,1000,1000,8,0.05000000,1.00000000,1000,0.99999667,1000
7,10,CONCURRENT,1000,1000,8,0.05000000,1.00000000,1000,1.00000000,1000
7,11,ANTERIOR,1000,1000,8,0.05000000,1.00000000,1000,0.99948881,1000
7,11,POSTERIOR,1000,1000,8,0.05000000,1.00000000,1000,0.99977956,1000
7,11,PINCER_DUAL,1000,1000,8,0.05000000,1.00000000,1000,0.99999964,1000
7,11,CONCURRENT,1000,1000,8,0.05000000,1.00000000,1000,1.00000000,1000
8,1,ANTERIOR,1000,1000,8,0.05000000,0.25200000,1000,0.45948228,1000
8,1,POSTERIOR,1000,1000,8,0.05000000,0.74400000,1000,0.43279010,1000
8,1,PINCER_DUAL,1000,1000,8,0.05000000,0.83600000,1000,0.61384638,1000
8,1,CONCURRENT,1000,1000,8,0.05000000,0.92700000,1000,0.91378180,1000
8,2,ANTERIOR,1000,1000,8,0.05000000,0.49000000,1000,0.72812610,1000
8,2,POSTERIOR,1000,1000,8,0.05000000,0.94600000,1000,0.69324536,1000
8,2,PINCER_DUAL,1000,1000,8,0.05000000,0.98000000,1000,0.87427692,1000
8,2,CONCURRENT,1000,1000,8,0.05000000,0.99800000,1000,0.99609046,1000
8,3,ANTERIOR,1000,1000,8,0.05000000,0.66100000,1000,0.86762884,1000
8,3,POSTERIOR,1000,1000,8,0.05000000,0.99300000,1000,0.84338772,1000
8,3,PINCER_DUAL,1000,1000,8,0.05000000,0.99700000,1000,0.96344390,1000
8,3,CONCURRENT,1000,1000,8,0.05000000,1.00000000,1000,0.99999931,1000
8,4,ANTERIOR,1000,1000,8,0.05000000,0.81100000,1000,0.93968968,1000
8,4,POSTERIOR,1000,1000,8,0.05000000,0.99800000,1000,0.92853451,1000
8,4,PINCER_DUAL,1000,1000,8,0.05000000,1.00000000,1000,0.98821618,1000
8,4,CONCURRENT,1000,1000,8,0.05000000,1.00000000,1000,1.00000000,1000
8,5,ANTERIOR,1000,1000,8,0.05000000,0.85700000,1000,0.97012556,1000
8,5,POSTERIOR,1000,1000,8,0.05000000,1.00000000,1000,0.96654475,1000
8,5,PINCER_DUAL,1000,1000,8,0.05000000,1.00000000,1000,0.99832471,1000
8,5,CONCURRENT,1000,1000,8,0.05000000,1.00000000,1000,1.00000000,1000
8,6,ANTERIOR,1000,1000,8,0.05000000,0.92300000,1000,0.98684049,1000
8,6,POSTERIOR,1000,1000,8,0.05000000,1.00000000,1000,0.98543479,1000
8,6,PINCER_DUAL,1000,1000,8,0.05000000,1.00000000,1000,0.99951918,1000
8,6,CONCURRENT,1000,1000,8,0.05000000,1.00000000,1000,1.00000000,1000
8,7,ANTERIOR,1000,1000,8,0.05000000,0.96600000,1000,0.99439018,1000
8,7,POSTERIOR,1000,1000,8,0.05000000,1.00000000,1000,0.99438020,1000
8,7,PINCER_DUAL,1000,1000,8,0.05000000,1.00000000,1000,0.99989466,1000
8,7,CONCURRENT,1000,1000,8,0.05000000,1.00000000,1000,1.00000000,1000
8,8,ANTERIOR,1000,1000,8,0.05000000,0.98900000,1000,0.99748514,1000
8,8,POSTERIOR,1000,1000,8,0.05000000,1.00000000,1000,0.99781063,1000
8,8,PINCER_DUAL,1000,1000,8,0.05000000,1.00000000,1000,0.99998225,1000
8,8,CONCURRENT,1000,1000,8,0.05000000,1.00000000,1000,1.00000000,1000
8,9,ANTERIOR,1000,1000,8,0.05000000,0.99800000,1000,0.99905401,1000
8,9,POSTERIOR,1000,1000,8,0.05000000,1.00000000,1000,0.99933178,1000
8,9,PINCER_DUAL,1000,1000,8,0.05000000,1.00000000,1000,0.99999715,1000
8,9,CONCURRENT,1000,1000,8,0.05000000,1.00000000,1000,1.00000000,1000
8,10,ANTERIOR,1000,1000,8,0.05000000,1.00000000,1000,0.99960485,1000
8,10,POSTERIOR,1000,1000,8,0.05000000,1.00000000,1000,0.99977052,1000
8,10,PINCER_DUAL,1000,1000,8,0.05000000,1.00000000,1000,0.99999954,1000
8,10,CONCURRENT,1000,1000,8,0.05000000,1.00000000,1000,1.00000000,1000
8,11,ANTERIOR,1000,1000,8,0.05000000,1.00000000,1000,0.99987083,1000
8,11,POSTERIOR,1000,1000,8,0.05000000,1.00000000,1000,0.99996217,1000
8,11,PINCER_DUAL,1000,1000,8,0.05000000,1.00000000,1000,0.99999998,1000
8,11,CONCURRENT,1000,1000,8,0.05000000,1.00000000,1000,1.00000000,1000
9,1,ANTERIOR,1000,1000,8,0.05000000,0.27400000,1000,0.51708727,1000
9,1,POSTERIOR,1000,1000,8,0.05000000,0.78500000,1000,0.46664261,1000
9,1,PINCER_DUAL,1000,1000,8,0.05000000,0.87600000,1000,0.64399695,1000
9,1,CONCURRENT,1000,1000,8,0.05000000,0.94700000,1000,0.93985788,1000
9,2,ANTERIOR,1000,1000,8,0.05000000,0.47600000,1000,0.76874924,1000
9,2,POSTERIOR,1000,1000,8,0.05000000,0.96200000,1000,0.72263852,1000
9,2,PINCER_DUAL,1000,1000,8,0.05000000,0.99200000,1000,0.88547298,1000
9,2,CONCURRENT,1000,1000,8,0.05000000,1.00000000,1000,0.99984278,1000
9,3,ANTERIOR,1000,1000,8,0.05000000,0.67500000,1000,0.89482063,1000
9,3,POSTERIOR,1000,1000,8,0.05000000,0.99500000,1000,0.88329538,1000
9,3,PINCER_DUAL,1000,1000,8,0.05000000,1.00000000,1000,0.97157155,1000
9,3,CONCURRENT,1000,1000,8,0.05000000,1.00000000,1000,1.00000000,1000
9,4,ANTERIOR,1000,1000,8,0.05000000,0.82100000,1000,0.95647839,1000
9,4,POSTERIOR,1000,1000,8,0.05000000,1.00000000,1000,0.93970003,1000
9,4,PINCER_DUAL,1000,1000,8,0.05000000,1.00000000,1000,0.99415193,1000
9,4,CONCURRENT,1000,1000,8,0.05000000,1.00000000,1000,1.00000000,1000
9,5,ANTERIOR,1000,1000,8,0.05000000,0.87700000,1000,0.98135688,1000
9,5,POSTERIOR,1000,1000,8,0.05000000,1.00000000,1000,0.97724007,1000
9,5,PINCER_DUAL,1000,1000,8,0.05000000,1.00000000,1000,0.99869563,1000
9,5,CONCURRENT,1000,1000,8,0.05000000,1.00000000,1000,1.00000000,1000
9,6,ANTERIOR,1000,1000,8,0.05000000,0.93600000,1000,0.99291089,1000
9,6,POSTERIOR,1000,1000,8,0.05000000,1.00000000,1000,0.99111796,1000
9,6,PINCER_DUAL,1000,1000,8,0.05000000,1.00000000,1000,0.99981430,1000
9,6,CONCURRENT,1000,1000,8,0.05000000,1.00000000,1000,1.00000000,1000
9,7,ANTERIOR,1000,1000,8,0.05000000,0.97700000,1000,0.99717649,1000
9,7,POSTERIOR,1000,1000,8,0.05000000,1.00000000,1000,0.99713115,1000
9,7,PINCER_DUAL,1000,1000,8,0.05000000,1.00000000,1000,0.99997271,1000
9,7,CONCURRENT,1000,1000,8,0.05000000,1.00000000,1000,1.00000000,1000
9,8,ANTERIOR,1000,1000,8,0.05000000,0.99500000,1000,0.99898914,1000
9,8,POSTERIOR,1000,1000,8,0.05000000,1.00000000,1000,0.99906308,1000
9,8,PINCER_DUAL,1000,1000,8,0.05000000,1.00000000,1000,0.99999616,1000
9,8,CONCURRENT,1000,1000,8,0.05000000,1.00000000,1000,1.00000000,1000
9,9,ANTERIOR,1000,1000,8,0.05000000,1.00000000,1000,0.99966063,1000
